ability, 0
able, 1
accordance, 2
according, 3
account, 4
accounting, 5
accounts, 6
accurate, 7
achieve, 8
action, 9
actions, 10
actively, 11
activities, 12
ad, 13
administration, 14
administrative, 15
advice, 16
agency, 17
analyse, 18
analysis, 19
analytical, 20
analytics, 21
analyze, 22
annual, 23
apac, 24
application, 25
applications, 26
apply, 27
approach, 28
appropriate, 29
architecture, 30
area, 31
areas, 32
asia, 33
aspects, 34
assessment, 35
assigned, 36
assist, 37
assistant, 38
attend, 39
audit, 40
automation, 41
bank, 42
banking, 43
based, 44
basis, 45
benefits, 46
best, 47
brand, 48
budget, 49
build, 50
building, 51
business, 52
campaigns, 53
candidate, 54
candidates, 55
capabilities, 56
care, 57
career, 58
carry, 59
centre, 60
change, 61
changes, 62
check, 63
claims, 64
class, 65
client, 66
clients, 67
close, 68
closely, 69
cloud, 70
code, 71
collaborate, 72
collaboration, 73
commercial, 74
communicate, 75
communication, 76
communications, 77
community, 78
companies, 79
company, 80
complete, 81
complex, 82
compliance, 83
computer, 84
conduct, 85
construction, 86
consultants, 87
contact, 88
content, 89
continuous, 90
contract, 91
contractors, 92
contracts, 93
contribute, 94
control, 95
controls, 96
coordinate, 97
coordination, 98
core, 99
corporate, 100
cost, 101
create, 102
creating, 103
creative, 104
credit, 105
critical, 106
cross, 107
culture, 108
current, 109
customer, 110
customers, 111
cycle, 112
daily, 113
data, 114
database, 115
date, 116
day, 117
define, 118
deliver, 119
deliverables, 120
delivering, 121
delivery, 122
department, 123
departments, 124
deployment, 125
description, 126
design, 127
detailed, 128
develop, 129
developing, 130
development, 131
different, 132
digital, 133
direct, 134
director, 135
document, 136
documentation, 137
documents, 138
drawings, 139
drive, 140
driven, 141
driving, 142
duties, 143
dynamic, 144
education, 145
effective, 146
effectively, 147
efficiency, 148
efficient, 149
electrical, 150
employee, 151
employees, 152
end, 153
engage, 154
engagement, 155
engineer, 156
engineering, 157
engineers, 158
enhance, 159
ensure, 160
ensuring, 161
enterprise, 162
environment, 163
equipment, 164
establish, 165
established, 166
evaluate, 167
events, 168
excellent, 169
execute, 170
execution, 171
executive, 172
existing, 173
expected, 174
experience, 175
experienced, 176
expertise, 177
external, 178
facilitate, 179
facilities, 180
fast, 181
feedback, 182
field, 183
finance, 184
financial, 185
focus, 186
follow, 187
following, 188
food, 189
function, 190
functional, 191
functions, 192
future, 193
general, 194
generate, 195
global, 196
goals, 197
good, 198
google, 199
government, 200
group, 201
grow, 202
growing, 203
growth, 204
guidance, 205
guidelines, 206
handle, 207
handling, 208
hardware, 209
head, 210
health, 211
help, 212
high, 213
highly, 214
hoc, 215
hr, 216
ideas, 217
identify, 218
impact, 219
implement, 220
implementation, 221
implementing, 222
improve, 223
improvement, 224
improvements, 225
include, 226
includes, 227
including, 228
individual, 229
industry, 230
information, 231
infrastructure, 232
initiatives, 233
innovation, 234
innovative, 235
insights, 236
installation, 237
integration, 238
internal, 239
international, 240
inventory, 241
investment, 242
involved, 243
issue, 244
issues, 245
items, 246
job, 247
join, 248
key, 249
knowledge, 250
large, 251
lead, 252
leader, 253
leadership, 254
leading, 255
leads, 256
learning, 257
legal, 258
level, 259
levels, 260
liaise, 261
life, 262
like, 263
limited, 264
line, 265
local, 266
long, 267
looking, 268
main, 269
maintain, 270
maintaining, 271
maintenance, 272
make, 273
making, 274
manage, 275
management, 276
manager, 277
managers, 278
managing, 279
manner, 280
manufacturing, 281
market, 282
marketing, 283
markets, 284
material, 285
materials, 286
matters, 287
media, 288
meet, 289
meeting, 290
meetings, 291
members, 292
mobile, 293
models, 294
monitor, 295
monitoring, 296
monthly, 297
multi, 298
multiple, 299
necessary, 300
need, 301
needed, 302
needs, 303
network, 304
new, 305
non, 306
objectives, 307
office, 308
online, 309
operating, 310
operation, 311
operational, 312
operations, 313
opportunities, 314
opportunity, 315
order, 316
orders, 317
organisation, 318
organization, 319
overall, 320
oversee, 321
participate, 322
partner, 323
partners, 324
payment, 325
people, 326
perform, 327
performance, 328
plan, 329
planning, 330
plans, 331
platform, 332
platforms, 333
point, 334
policies, 335
policy, 336
portfolio, 337
position, 338
post, 339
potential, 340
practice, 341
practices, 342
pre, 343
preparation, 344
prepare, 345
preparing, 346
presentation, 347
primary, 348
problem, 349
problems, 350
procedures, 351
process, 352
processes, 353
processing, 354
procurement, 355
product, 356
production, 357
products, 358
professional, 359
program, 360
programme, 361
programmes, 362
programs, 363
progress, 364
project, 365
projects, 366
promote, 367
proper, 368
provide, 369
provides, 370
providing, 371
public, 372
quality, 373
range, 374
recommendations, 375
record, 376
records, 377
recruitment, 378
region, 379
regional, 380
regular, 381
regulations, 382
regulatory, 383
related, 384
relationship, 385
relationships, 386
relevant, 387
report, 388
reporting, 389
reports, 390
requests, 391
required, 392
requirement, 393
requirements, 394
research, 395
resolution, 396
resolve, 397
resources, 398
responsibilities, 399
responsibility, 400
responsible, 401
results, 402
revenue, 403
review, 404
reviews, 405
risk, 406
risks, 407
role, 408
safety, 409
sales, 410
sap, 411
satisfaction, 412
schedule, 413
school, 414
science, 415
scope, 416
security, 417
seeking, 418
self, 419
senior, 420
service, 421
services, 422
set, 423
share, 424
singapore, 425
site, 426
skills, 427
smooth, 428
social, 429
software, 430
solution, 431
solutions, 432
specific, 433
specifications, 434
staff, 435
stakeholders, 436
standard, 437
standards, 438
status, 439
stock, 440
strategic, 441
strategies, 442
strategy, 443
strong, 444
students, 445
submission, 446
success, 447
successful, 448
supervise, 449
supervision, 450
suppliers, 451
supply, 452
support, 453
supporting, 454
systems, 455
talent, 456
target, 457
targets, 458
tasks, 459
tax, 460
team, 461
teams, 462
technical, 463
technologies, 464
technology, 465
tender, 466
term, 467
test, 468
testing, 469
time, 470
timely, 471
tools, 472
track, 473
tracking, 474
trade, 475
training, 476
travel, 477
trends, 478
troubleshooting, 479
understand, 480
understanding, 481
unit, 482
update, 483
updates, 484
use, 485
user, 486
users, 487
using, 488
value, 489
various, 490
vendor, 491
vendors, 492
web, 493
work, 494
working, 495
works, 496
world, 497
year, 498
years, 499
